Crop,clipped_PA_surf,total_surf
banana,201.21482849121094,201.21483
cassava,244.6387176513672,244.63872
cocoa,26494.4609375,26494.46
coconut,154.05235290527344,154.05235
coffee,143.38955688476562,146.94028
legumenes,0.0,0.0
maizefor,0.0,0.0
maize,339.70684814453125,339.70685
oilpalm,1524.8380126953125,1524.838
popcorn,0.0,0.0
vegetablenes,0.0,0.0
vegfor,112.50955963134766,112.50956
yam,372.6158752441406,372.61588
