Crop,clipped_PA_surf,total_surf
banana,97.10464477539062,110.90607
cassava,56.386634826660156,98.590164
cocoa,9329.0859375,10691.258
coconut,37340.71875,44111.39
legumenes,0.0,0.0
oilpalm,1934.0447998046875,2676.9639
rice,477.5393371582031,637.0376
sweetpotato,5330.2109375,6074.4644
tobacco,46.19890594482422,65.4005
vegetablenes,0.0,0.0
vegfor,138.77792358398438,222.37415
yam,3241.92138671875,3676.0256
