Crop,clipped_PA_surf,total_surf
banana,109.6097412109375,117.55223
bean,21.880704879760742,23.580214
cassava,14.83019733428955,16.005798
coconut,339.9552001953125,372.54834
groundnut,6.355830669403076,6.847005
maizefor,0.0,0.0
maize,22.703699111938477,24.385033
popcorn,0.0,0.0
sugarcane,2658.2099609375,2933.047
sweetpotato,36.70742416381836,39.538307
yam,24.100858688354492,25.97451
