Crop,clipped_PA_surf,total_surf
bean,0.0,5023.884
cotton,1.01815664768219,1.0181566
legumenes,0.0,0.0
maizefor,0.0,0.0
maize,0.0,6.4266257
pimento,31.221389770507812,61.322666
popcorn,0.0,0.0
rice,0.0,0.0757339
sorghumfor,0.0,0.0
sorghum,1.4132734537124634,8.343683
sweetpotato,0.18166320025920868,0.1816632
tobacco,0.5630423426628113,0.56304234
vegetablenes,57.47442626953125,151.8222
vegfor,299.1071472167969,4565.1514
