Crop,clipped_PA_surf,total_surf
banana,93.2836685180664,110.90607
cassava,52.81827926635742,98.590164
cocoa,8960.490234375,10691.258
coconut,35510.140625,44111.39
legumenes,0.0,0.0
oilpalm,1777.7376708984375,2676.9639
rice,441.70428466796875,637.0376
sweetpotato,5139.92041015625,6074.4644
tobacco,42.95503234863281,65.4005
vegetablenes,0.0,0.0
vegfor,130.903564453125,222.37415
yam,3130.89501953125,3676.0256
