Crop,clipped_PA_surf,total_surf
barley,12.378130912780762,86.93549
legumenes,0.0,0.0
maizefor,0.0,0.0
maize,6.848372459411621,41.070526
popcorn,0.0,0.0
potato,0.514734148979187,3.6883454
vegetablenes,0.0,0.0
vegfor,87.09858703613281,491.11362
wheat,0.0,0.8864455
