Crop,clipped_PA_surf,total_surf
bean,2981.623046875,5023.884
cotton,1.01815664768219,1.0181566
legumenes,0.0,0.0
maizefor,0.0,0.0
maize,3.904085397720337,6.4266257
pimento,56.149749755859375,61.322666
popcorn,0.0,0.0
rice,0.0,0.0757339
sorghumfor,0.0,0.0
sorghum,1.4471033811569214,8.343683
sweetpotato,0.18166320025920868,0.1816632
tobacco,0.5630423426628113,0.56304234
vegetablenes,124.66500854492188,151.8222
vegfor,2038.03125,4565.1514
