Crop,clipped_PA_surf,total_surf
banana,94.40559387207031,110.90607
cassava,55.307716369628906,98.590164
cocoa,9072.951171875,10691.258
coconut,36108.27734375,44111.39
legumenes,0.0,0.0
oilpalm,1829.1400146484375,2676.9639
rice,459.467041015625,637.0376
sweetpotato,5199.984375,6074.4644
tobacco,44.789859771728516,65.4005
vegetablenes,0.0,0.0
vegfor,135.02490234375,222.37415
yam,3163.7490234375,3676.0256
