Crop,clipped_PA_surf,total_surf
banana,194.067626953125,202.322
cassava,236.4181365966797,247.92046
coconut,1234.756591796875,1294.8413
coffee,90.08750915527344,99.9012
groundnut,69.69229125976562,72.65738
legumenes,0.0,0.0
maizefor,0.0,0.0
maize,23915.125,24254.193
popcorn,0.0,0.0
potato,124.1148681640625,134.9011
sugarcane,1528.7662353515625,1607.1846
sweetpotato,132.95530700683594,143.4257
vegetablenes,0.0,0.0
vegfor,256.0242004394531,285.1876
