Crop,clipped_PA_surf,total_surf
banana,2011.6046142578125,2184.8188
cassava,107.6412582397461,116.82602
cocoa,4012.501953125,4411.5796
coconut,1879.182861328125,2094.5518
coffee,421.1615295410156,457.07346
maizefor,0.0,0.0
maize,91.20657348632812,99.003876
plantain,594.8026123046875,645.739
popcorn,0.0,0.0
potato,3.1633665561676025,4.0975394
sugarcane,190.12234497070312,206.55135
sweetpotato,312.6707763671875,339.42804
yam,900.1808471679688,977.4031
