Crop,clipped_PA_surf,total_surf
banana,57.08106994628906,110.90607
cassava,25.2181396484375,98.590164
cocoa,5382.775390625,10691.258
coconut,18152.357421875,44111.39
legumenes,0.0,0.0
oilpalm,939.7339477539062,2676.9639
rice,218.84120178222656,637.0376
sweetpotato,3285.115478515625,6074.4644
tobacco,21.47595977783203,65.4005
vegetablenes,0.0,0.0
vegfor,56.437156677246094,222.37415
yam,2005.4859619140625,3676.0256
