Crop,clipped_PA_surf,total_surf
barley,17.445419311523438,86.93549
legumenes,0.0,0.0
maizefor,0.0,0.0
maize,9.293767929077148,41.070526
popcorn,0.0,0.0
potato,0.624732255935669,3.6883454
vegetablenes,0.0,0.0
vegfor,123.54960632324219,491.11362
wheat,0.0,0.8864455
