Crop,clipped_PA_surf,total_surf
barley,53.945030212402344,86.93549
legumenes,0.0,0.0
maizefor,0.0,0.0
maize,24.382444381713867,41.070526
popcorn,0.0,0.0
potato,2.40462064743042,3.6883454
vegetablenes,0.0,0.0
vegfor,280.9043884277344,491.11362
wheat,0.8864455223083496,0.8864455
