Crop,clipped_PA_surf,total_surf
banana,73.25553894042969,201.21483
cassava,88.77762603759766,244.63872
cocoa,4586.6513671875,26494.46
coconut,0.0,154.05235
coffee,72.35657501220703,146.94028
legumenes,0.0,0.0
maizefor,0.0,0.0
maize,147.9825439453125,339.70685
oilpalm,0.0,1524.838
popcorn,0.0,0.0
vegetablenes,0.0,0.0
vegfor,34.12998962402344,112.50956
yam,163.4449005126953,372.61588
