Crop,clipped_PA_surf,total_surf
barley,12.942402839660645,86.93549
legumenes,0.0,0.0
maizefor,0.0,0.0
maize,6.193460464477539,41.070526
popcorn,0.0,0.0
potato,0.6517977714538574,3.6883454
vegetablenes,0.0,0.0
vegfor,79.9434814453125,491.11362
wheat,0.0,0.8864455
