Crop,clipped_PA_surf,total_surf
banana,70.60438537597656,202.322
cassava,90.55705261230469,247.92046
coconut,486.78302001953125,1294.8413
coffee,33.53924560546875,99.9012
groundnut,25.348878860473633,72.65738
legumenes,0.0,0.0
maizefor,0.0,0.0
maize,5659.18359375,24254.193
popcorn,0.0,0.0
potato,30.375389099121094,134.9011
sugarcane,605.4156494140625,1607.1846
sweetpotato,32.891475677490234,143.4257
vegetablenes,0.0,0.0
vegfor,59.49722671508789,285.1876
