Crop,clipped_PA_surf,total_surf
bean,1226.9176025390625,5023.884
cotton,1.01815664768219,1.0181566
legumenes,0.0,0.0
maizefor,0.0,0.0
maize,1.6945183277130127,6.4266257
pimento,36.95264434814453,61.322666
popcorn,0.0,0.0
rice,0.021680019795894623,0.0757339
sorghumfor,0.0,0.0
sorghum,3.3837666511535645,8.343683
sweetpotato,0.18166320025920868,0.1816632
tobacco,0.5630423426628113,0.56304234
vegetablenes,74.88209533691406,151.8222
vegfor,1063.448486328125,4565.1514
