Crop,clipped_PA_surf,total_surf
barley,8.402338981628418,86.93549
legumenes,0.0,0.0
maizefor,0.0,0.0
maize,3.9898791313171387,41.070526
popcorn,0.0,0.0
potato,0.3910786509513855,3.6883454
vegetablenes,0.0,0.0
vegfor,48.173583984375,491.11362
wheat,0.0,0.8864455
