Crop,clipped_PA_surf,total_surf
banana,91.46432495117188,110.90607
cassava,64.08612060546875,98.590164
cocoa,8758.673828125,10691.258
coconut,34525.17578125,44111.39
legumenes,0.0,0.0
oilpalm,1860.9285888671875,2676.9639
rice,464.1982116699219,637.0376
sweetpotato,5054.7666015625,6074.4644
tobacco,46.592567443847656,65.4005
vegetablenes,0.0,0.0
vegfor,147.6990509033203,222.37415
yam,3069.671630859375,3676.0256
