Crop,clipped_PA_surf,total_surf
banana,195.27096557617188,202.322
cassava,238.11532592773438,247.92046
coconut,1243.526123046875,1294.8413
coffee,90.68911743164062,99.9012
groundnut,70.1242904663086,72.65738
legumenes,0.0,0.0
maizefor,0.0,0.0
maize,23919.28125,24254.193
popcorn,0.0,0.0
potato,124.44941711425781,134.9011
sugarcane,1539.2802734375,1607.1846
sweetpotato,133.27261352539062,143.4257
vegetablenes,0.0,0.0
vegfor,256.9781799316406,285.1876
