Crop,clipped_PA_surf,total_surf
barley,23.425724029541016,86.93549
legumenes,0.0,0.0
maizefor,0.0,0.0
maize,11.158393859863281,41.070526
popcorn,0.0,0.0
potato,0.9332441687583923,3.6883454
vegetablenes,0.0,0.0
vegfor,131.62979125976562,491.11362
wheat,0.0,0.8864455
