Crop,clipped_PA_surf,total_surf
banana,56.72370529174805,110.90607
cassava,25.2181396484375,98.590164
cocoa,5355.5830078125,10691.258
coconut,18125.23828125,44111.39
legumenes,0.0,0.0
oilpalm,939.7339477539062,2676.9639
rice,218.84120178222656,637.0376
sweetpotato,3269.65673828125,6074.4644
tobacco,21.47595977783203,65.4005
vegetablenes,0.0,0.0
vegfor,56.437156677246094,222.37415
yam,1997.418701171875,3676.0256
