Crop,clipped_PA_surf,total_surf
banana,98.14884948730469,110.90607
cassava,60.712745666503906,98.590164
cocoa,9431.6494140625,10691.258
coconut,37781.5625,44111.39
legumenes,0.0,0.0
oilpalm,2028.386962890625,2676.9639
rice,495.8291931152344,637.0376
sweetpotato,5379.38232421875,6074.4644
tobacco,48.21842956542969,65.4005
vegetablenes,0.0,0.0
vegfor,148.1831817626953,222.37415
yam,3276.79736328125,3676.0256
