Crop,clipped_PA_surf,total_surf
banana,348.641845703125,383.34186
cassava,29.27662467956543,31.972244
coconut,303.4328918457031,314.2089
legumenes,0.0,0.0
maizefor,0.0,0.0
maize,69.54267883300781,75.769165
pigeonpea,107.72638702392578,117.48312
plantain,18.844966888427734,20.73984
popcorn,0.0,0.0
sugarcane,2019.038818359375,2208.9888
sweetpotato,407.41131591796875,444.53918
vegetablenes,0.0,0.0
vegfor,2120.56591796875,2294.9253
