Crop,clipped_PA_surf,total_surf
barley,10.937662124633789,17.751812
bean,45.82379150390625,62.330902
legumenes,0.0,0.0
maizefor,0.0,0.0
maize,12.181177139282227,17.792927
oats,1.2422261238098145,2.9263902
popcorn,0.0,0.0
potato,269.7419738769531,421.4118
sunflower,13.9043550491333,18.8347
vegetablenes,0.0,0.0
vegfor,116.42759704589844,196.1172
wheat,225.2244110107422,294.8172
