Crop,clipped_PA_surf,total_surf
banana,340.9038391113281,383.34186
cassava,28.698989868164062,31.972244
coconut,303.4328918457031,314.2089
legumenes,0.0,0.0
maizefor,0.0,0.0
maize,68.22602844238281,75.769165
pigeonpea,105.65196228027344,117.48312
plantain,18.42184066772461,20.73984
popcorn,0.0,0.0
sugarcane,1977.9061279296875,2208.9888
sweetpotato,399.4913330078125,444.53918
vegetablenes,0.0,0.0
vegfor,2111.000244140625,2294.9253
