Crop,clipped_PA_surf,total_surf
banana,193.99798583984375,202.322
cassava,236.3123779296875,247.92046
coconut,1234.172607421875,1294.8413
coffee,89.52349090576172,99.9012
groundnut,69.66635131835938,72.65738
legumenes,0.0,0.0
maizefor,0.0,0.0
maize,23915.125,24254.193
popcorn,0.0,0.0
potato,124.1148681640625,134.9011
sugarcane,1527.8238525390625,1607.1846
sweetpotato,132.95530700683594,143.4257
vegetablenes,0.0,0.0
vegfor,256.0242004394531,285.1876
