Crop,clipped_PA_surf,total_surf
banana,46.86155700683594,383.34186
cassava,3.835688352584839,31.972244
coconut,48.304622650146484,314.2089
legumenes,0.0,0.0
maizefor,0.0,0.0
maize,9.022398948669434,75.769165
pigeonpea,14.080179214477539,117.48312
plantain,2.5019681453704834,20.73984
popcorn,0.0,0.0
sugarcane,263.06707763671875,2208.9888
sweetpotato,53.587501525878906,444.53918
vegetablenes,0.0,0.0
vegfor,392.67364501953125,2294.9253
