Crop,clipped_PA_surf,total_surf
barley,20.84200668334961,86.93549
legumenes,0.0,0.0
maizefor,0.0,0.0
maize,10.799604415893555,41.070526
popcorn,0.0,0.0
potato,1.083927035331726,3.6883454
vegetablenes,0.0,0.0
vegfor,127.12528991699219,491.11362
wheat,0.5909351706504822,0.8864455
