Crop,clipped_PA_surf,total_surf
banana,98.47358703613281,110.90607
cassava,61.046451568603516,98.590164
cocoa,9460.5400390625,10691.258
coconut,37923.45703125,44111.39
legumenes,0.0,0.0
oilpalm,2056.2490234375,2676.9639
rice,497.4591064453125,637.0376
sweetpotato,5387.24755859375,6074.4644
tobacco,48.20587158203125,65.4005
vegetablenes,0.0,0.0
vegfor,148.82566833496094,222.37415
yam,3282.515380859375,3676.0256
