Crop,clipped_PA_surf,total_surf
barley,83.16300964355469,86.93549
legumenes,0.0,0.0
maizefor,0.0,0.0
maize,38.29195022583008,41.070526
popcorn,0.0,0.0
potato,3.4961462020874023,3.6883454
vegetablenes,0.0,0.0
vegfor,452.5419921875,491.11362
wheat,0.8864455223083496,0.8864455
