Crop,clipped_PA_surf,total_surf
barley,50.683204650878906,86.93549
legumenes,0.0,0.0
maizefor,0.0,0.0
maize,23.245441436767578,41.070526
popcorn,0.0,0.0
potato,2.1132941246032715,3.6883454
vegetablenes,0.0,0.0
vegfor,274.75579833984375,491.11362
wheat,0.5909351706504822,0.8864455
